Number of active threads;Average HTTP Request;HTTP Request
1;;7.344827586206897
2;;12.73469387755102
3;;4.686274509803922
4;;4.36144578313253
5;;3.6074766355140193
6;;3.0784313725490198
7;;2.8205128205128207
8;;29.125
9;;4.977777777777778
10;;6.372093023255814
11;;8.376058201058202
12;;4.445164635727248
13;;3.631108051839759
14;;4.103260869565218
15;;3.4444444444444446
16;;6.395127526602248
17;;5.692539806247399
18;;6.678073770491806
19;;7.12041884816754
20;;6.59090909090909
21;;9.778523489932885
22;;6.688235294117647
23;;5.744075829383888
24;;7.021420463958771
25;;6.255215018778546
26;;5.979467001903384
27;;6.888578779687676
28;;5.719388924991512
29;;6.397381219603442
30;;7.911290322580645
31;;9.678160919540229
32;;5.181502820363023
33;;6.916299559471366
34;;6.8681216497100985
35;;7.135135135135135
36;;5.937612451806367
37;;7.273006535947715
38;;9.051328665050729
39;;6.639045656309447
40;;6.257980957709221
41;;7.638191803971273
42;;7.731800766283523
43;;17.83132104197648
44;;6.5217737766219726
45;;8.127693365649101
46;;7.313479623824452
47;;8.47524752475247
48;;7.893579209971201
49;;7.776966629635664
50;;8.371273712737127
51;;11.135600255427835
52;;8.551939694796829
53;;8.321202494460133
54;;8.23746533616725
55;;9.00215058009639
56;;9.299999999999997
57;;7.044703239825191
58;;17.90415291529153
59;;9.891058157366997
60;;7.827282791562984
61;;12.389590964590962
62;;9.595562927717733
63;;10.247200733935708
64;;10.020979319179173
65;;9.983045532934677
66;;10.165384615384616
67;;10.332381915170464
68;;12.444150402840734
69;;11.080720332733549
70;;9.723059034934735
71;;13.194019330275772
72;;17.55882352941176
73;;15.08922416739602
74;;11.113004840355579
75;;9.961529299651051
76;;11.295995581331134
77;;11.044505846173058
78;;11.337237435976409
79;;11.634097550017838
80;;10.592341039431876
81;;12.178674351585014
82;;13.136495014720444
83;;11.119927471713487
84;;9.886393391827173
85;;11.023895725991284
86;;11.307124681006032
87;;11.970549014216825
88;;14.918803418803417
89;;21.531831963171577
90;;13.38560263930645
91;;17.50161878494354
92;;12.276119052097044
93;;10.839732851348955
94;;13.222125800466817
95;;13.107956388095861
96;;12.00068592128887
97;;14.329479449634496
98;;14.471908315474272
99;;13.892356118162553
100;;14.021228005701497
101;;15.056690016635402
102;;13.889330623306233
103;;13.501141838922582
104;;14.98777540186077
105;;12.460549083168976
106;;31.643122438524596
107;;19.95600371029914
108;;17.828730906919468
109;;12.433350840336137
110;;13.515690376569042
111;;16.458031508210716
112;;14.853785900783285
113;;14.052747252747267
114;;14.69326683291771
115;;13.039423243885823
116;;12.421275050014733
117;;14.822241784037566
118;;16.349673202614362
119;;14.254096967224271
120;;15.05128205128204
121;;20.430278686641817
122;;14.595219332807984
123;;15.621890547263682
124;;14.17412935323383
125;;40.93745518285395
126;;12.879606879606879
127;;17.653724558516124
128;;17.802469135802465
129;;19.068852459016384
130;;16.73232323232323
131;;20.20559009511665
132;;13.255230125523013
133;;17.767439540266583
134;;15.424568965517237
135;;16.822294293196904
136;;15.858259721799168
137;;16.168532053091436
138;;17.92947246178169
139;;16.59809547690011
140;;17.62300857087234
141;;18.26075949367088
142;;17.9328713848721
143;;14.068251425788642
144;;19.03028308097432
145;;23.093404212080145
146;;21.711484593837554
147;;17.512740384615395
148;;20.568690095846634
149;;18.52438808480504
150;;14.93253842278142
151;;21.402559867877777
152;;17.868852459016388
153;;18.94374558936998
154;;19.13950029744198
155;;15.891746560594715
156;;17.521680417634165
157;;23.035510281797407
158;;21.606590010281128
159;;18.13595352374959
160;;22.015985341383562
161;;22.949423634615236
162;;18.82560706401766
163;;18.15677092365073
164;;17.179775280898863
165;;38.729746647777816
166;;21.8162810059877
167;;16.333976117430737
168;;19.804618608881356
169;;21.498188387136594
170;;17.9361730561963
171;;21.53243253557215
172;;20.738136979897146
173;;17.237721021611
174;;18.90292211066135
175;;19.661339112351058
176;;18.19391365888182
177;;22.278876499053236
178;;23.589476563568525
179;;22.842995169082133
180;;22.799623436145183
181;;20.26167023554603
182;;21.702127430521074
183;;21.602978018976415
184;;33.45
185;;26.941309488259837
186;;22.30079303123442
187;;20.89944010429684
188;;23.42624508948299
189;;25.497206703910624
190;;18.641825784622167
191;;30.449005293109487
192;;21.059424799303983
193;;19.122278908701745
194;;19.04416217700631
195;;20.848057473500386
196;;20.900858404090787
197;;20.40372670807452
198;;22.798082316823795
199;;25.483440619460765
200;;26.274336014924632
201;;23.809345020127918
202;;22.293988848089228
203;;23.95302013422818
204;;23.51958525345622
205;;29.520594285714292
206;;25.89903846153846
207;;30.134986225895318
208;;23.262755102040817
209;;26.20026613982954
210;;31.202901076057724
211;;27.043336360318317
212;;26.37779485129269
213;;34.01229874776388
214;;36.59370797889855
215;;32.536117091890794
216;;21.48756288592405
217;;24.96226415094338
218;;29.032719836400826
219;;29.23071424789538
220;;22.080378250590996
221;;24.57546201232034
222;;22.94799188421898
223;;24.094943257459388
224;;21.930376035691523
225;;21.59653603421308
226;;21.42168782047706
227;;27.95239747807031
228;;23.346793648908466
229;;26.40009896309799
230;;23.28907922912205
231;;28.272311212814646
232;;22.677496224558155
233;;26.111521455654113
234;;23.20296700212502
235;;27.778846153846153
236;;25.359404090612045
237;;21.864515436247014
238;;23.246770002367327
239;;28.01636332417585
240;;25.668934240362802
241;;28.04251601630751
242;;47.66571767088565
243;;29.801487857556538
244;;22.99130138372693
245;;23.259258533526662
246;;26.127167630057805
247;;25.652656302473932
248;;23.65719696969696
249;;25.982986858666102
250;;25.864919354838708
251;;24.992238225733185
252;;27.595833333333335
253;;22.718550466231353
254;;24.406798749522082
255;;26.88525420915136
256;;26.493568697579768
257;;23.250896057347674
258;;27.648068669527902
259;;26.990367917440853
260;;24.679999999999996
261;;26.621315192743765
262;;27.848359756387378
263;;25.974664268883185
264;;27.915492957746473
265;;25.47404620553924
266;;25.282641202218993
267;;24.265737078084253
268;;29.761690263461013
269;;25.305181201705192
270;;40.283216783216794
271;;67.21818181818179
272;;37.15003549775074
273;;27.24824134893879
274;;28.173771587787563
275;;26.048503779785715
276;;25.8953488372093
277;;27.88074829931973
278;;24.97033158813263
279;;34.40673215487501
280;;29.804545454545455
281;;27.5985401459854
282;;28.288965898680985
283;;29.070880077912832
284;;24.48158613616268
285;;27.334797661523343
286;;23.675471698113206
287;;28.425527284691874
288;;27.40924092409241
289;;40.793313069908834
290;;26.886486486486493
291;;25.398431525877687
292;;31.047528517110276
293;;27.02141746051624
294;;25.954637637936173
295;;30.07694960818283
296;;26.638401298585375
297;;28.233146862511575
298;;29.176
299;;32.08519269776876
300;;29.054983577422316
301;;42.195000000000014
302;;38.57994579945799
303;;41.71260592562648
304;;32.349555206698064
305;;33.38955871714494
306;;27.827205882352946
307;;31.778012684989424
308;;31.30508474576271
309;;35.66889582202925
310;;30.209222652369036
311;;33.97938428963056
312;;27.5609940718375
313;;31.31890710382514
314;;30.594914457162485
315;;30.531939848689643
316;;30.512393842077635
317;;30.454761219792886
318;;29.935907495354122
319;;32.50561797752811
320;;35.89117790132031
321;;31.0431706726656
322;;40.76720077454753
323;;38.77456298975285
324;;31.534789758045573
325;;28.47381801418248
326;;32.93074548174909
327;;29.572273108237553
328;;31.079646173338194
329;;33.542372881355924
330;;41.74901480455853
331;;36.05010569681486
332;;32.321859067440236
333;;39.395347035236234
334;;46.0729425739634
335;;31.15850815850816
336;;34.72564193797074
337;;35.377509732534186
338;;36.3416988416989
339;;38.743181818181824
340;;32.923076923076906
341;;33.590497737556554
342;;36.35559566787004
343;;33.91054229403408
344;;34.83633002480483
345;;37.680857692320615
346;;34.61616222980939
347;;31.209334315521488
348;;29.01633986928104
349;;33.02853013650671
350;;39.46751173692714
351;;39.84433962264148
352;;32.75192307692305
353;;34.83721941938806
354;;32.73610353397584
355;;38.989076576576565
356;;35.11040339702758
357;;33.00467663787653
358;;36.848607705779315
359;;36.83250000000006
360;;37.956929552417016
361;;44.5221124897363
362;;42.29577347577783
363;;40.53431155407901
364;;68.77088305489266
365;;44.939209726443764
366;;36.674663849152815
367;;35.18948806898497
368;;34.516411378555794
369;;37.48712122522028
370;;35.44664179829745
371;;36.61224489795916
372;;36.47476119802358
373;;30.708240101177154
374;;39.093750000000014
375;;50.82580610149402
376;;29.710192596080066
377;;36.07658415456344
378;;41.320305727438516
379;;34.384811653367976
380;;33.40244288883123
381;;41.501454532317524
382;;49.57478632478636
383;;32.43881215634009
384;;38.221995926680286
385;;39.62672857071538
386;;36.63030532584222
387;;34.4961521684945
388;;33.07740737010071
389;;45.216129032258024
390;;48.96509240246406
391;;32.75822368421054
392;;43.73230088495577
393;;39.39962476547842
394;;38.51918735891649
395;;37.10288206117406
396;;35.86217777075958
397;;39.23134905976467
398;;45.542409356725145
399;;68.43674420107251
400;;60.836930589466334
401;;48.0961145194274
402;;34.992374588527355
403;;39.788155455418895
404;;40.01720430107528
405;;43.11124726997155
406;;43.10590895956252
407;;48.07243652581083
408;;44.53601048074733
409;;68.23432991414168
410;;53.00419441944196
411;;47.23729807193078
412;;51.10978520286395
413;;41.64378478664195
414;;45.979169387488604
415;;50.5136476426799
416;;55.330601092896174
417;;48.74574875356124
418;;54.0417877951928
419;;48.62122517906699
420;;52.87648141703336
421;;55.551236749116605
422;;58.571580788157284
423;;54.44326522773802
424;;46.096858638743434
425;;55.884337349397605
426;;54.657414367680175
427;;41.87689934252358
428;;48.84329789677021
429;;52.299180327868854
430;;71.38381201044376
431;;57.49896864441269
432;;59.28508725015459
433;;42.551350537969746
434;;45.12270526284643
435;;52.32844283376199
436;;65.0958904109589
437;;93.98214285714289
438;;74.95247148288976
439;;46.87082405345213
440;;52.39310344827586
441;;44.48474750401726
442;;53.348108065482045
443;;46.51843817787415
444;;45.73531746031745
445;;46.39056603773584
446;;49.42471995443326
447;;45.99010222849521
448;;54.57414971802488
449;;47.07494646680941
450;;48.17952986055336
451;;51.99782135076253
452;;46.35418435801633
453;;39.74494408369674
454;;42.886933165026996
455;;44.11605415860734
456;;40.42098271047937
457;;44.78348623853212
458;;42.896464646464615
459;;37.009966777408614
460;;41.96147978642257
461;;49.67082358026848
462;;46.38321742439121
463;;41.38177732942496
464;;46.65206446274755
465;;46.83213429256595
466;;43.745983555302765
467;;42.92153239483949
468;;45.03996971636426
469;;48.33419533932353
470;;48.916516231108375
471;;40.809708737864085
472;;45.65706208300351
473;;60.859569942676316
474;;82.0427031889947
475;;68.27976807560115
476;;48.5216572504708
477;;44.81928163974967
478;;38.042915874524084
479;;57.07125890736342
480;;51.887252619583535
481;;47.65455396265061
482;;53.784569053093904
483;;55.734116098724115
484;;33.69749671440521
485;;37.15810810810816
486;;35.22847196650623
487;;35.930196949847456
488;;33.37866318183188
489;;36.30721671627137
490;;35.60006674678361
491;;39.92156862745098
492;;37.252510536161914
493;;42.81556580933435
494;;45.45379763298222
495;;52.64150943396229
496;;43.48172115569395
497;;45.44027303754267
498;;39.67052212161746
499;;42.436441102756895
500;;59.11641791044774
501;;63.032786885245955
502;;57.96078431372549
503;;57.110649292766496
504;;60.34162303664923
505;;51.68716079061707
506;;52.79144028849209
507;;58.76411234009272
508;;55.1881390593047
509;;47.6287565605302
510;;57.14125329361898
511;;59.55745721271392
512;;63.423480083857456
513;;56.578358745684696
514;;60.078804347826086
515;;65.9551368938656
516;;54.826425031702655
517;;53.484320557491294
518;;81.91644908616185
519;;60.0704305537352
520;;56.35058869050909
521;;58.79573027335105
522;;58.13477995110023
523;;56.521023765996354
524;;52.32689172406007
525;;48.42929326581379
526;;61.42421124828528
527;;59.32078393369045
528;;54.83527092443979
529;;51.35497835497836
530;;89.51398902821317
531;;66.8136897812559
532;;56.88727854090088
533;;58.88594704684323
534;;70.16768680221132
535;;60.40849634162407
536;;54.70322580645163
537;;54.989977267759
538;;48.63188976377951
539;;57.10529071787239
540;;61.69565217391305
541;;73.28413251072966
542;;67.53067494304044
543;;69.08006322067467
544;;47.779069767441825
545;;60.51709401709402
546;;59.440816326530616
547;;54.46942800788954
548;;49.598662207357876
549;;46.461344791195536
550;;55.152898286547575
551;;51.43551797040169
552;;59.04
553;;54.06009472576712
554;;44.188875409540486
555;;58.300335570469784
556;;50.89692602850382
557;;53.84711748694837
558;;59.04484607844901
559;;63.2699084348277
560;;52.496036783577985
561;;52.920145190562614
562;;52.3640081799591
563;;52.332703213610586
564;;51.301886792452834
565;;87.87753132593977
566;;57.57883723494429
567;;47.196642685851316
568;;58.56891397126457
569;;48.14016340817742
570;;62.32246413802551
571;;54.132402830707704
572;;54.16314464647674
573;;61.5893419859808
574;;56.14902974643054
575;;50.902868415597204
576;;50.076971464911814
577;;60.619127516778526
578;;50.31098650709297
579;;44.26140740514203
580;;54.885416666666686
581;;60.45498795539055
582;;55.30840400007433
583;;70.21966731898242
584;;49.48976112734149
585;;48.40565370670331
586;;65.0677655677655
587;;58.67015180711601
588;;44.49048316251827
589;;61.45045776157806
590;;61.48481610912488
591;;52.41188933836369
592;;62.17090069284065
593;;58.87514341806685
594;;51.87069091429323
595;;49.96232955812375
596;;54.415603471109485
597;;54.46677056436025
598;;59.951732278446386
599;;66.81076536569849
600;;70.26583904109593
601;;98.72756091093616
602;;63.85142649903288
603;;63.63405088062627
604;;60.364553757740126
605;;52.11811023622049
606;;58.58876130380204
607;;63.633136812901
608;;58.213092258817426
609;;63.83716475095788
610;;54.55156803782497
611;;57.08496732026144
612;;62.426578216599815
613;;64.04500180180176
614;;59.52979415921006
615;;55.51335843575069
616;;51.70768934074522
617;;55.14820536866845
618;;52.90637779010977
619;;57.86796116504854
620;;62.315689981096405
621;;72.05520058428132
622;;70.03120623793308
623;;63.83768311965904
624;;69.31138333628215
625;;56.70187529482423
626;;50.562600851388
627;;62.008389750529126
628;;59.397140620519174
629;;58.410284504274806
630;;57.97381561644809
631;;56.62488036642056
632;;63.17841916942707
633;;55.24934864964175
634;;57.916044776119406
635;;73.98580828743391
636;;68.97718631178711
637;;59.0746823050639
638;;88.25490196078432
639;;88.49430523917991
640;;68.87191414454472
641;;63.6299153004552
642;;60.39093802136555
643;;66.5576011378004
644;;63.66638835537609
645;;73.67394692136853
646;;59.071538422582336
647;;54.99074074074074
648;;48.78871625817968
649;;65.31142402552632
650;;56.301464350616584
651;;61.2537814857599
652;;60.66872494760615
653;;59.403718626710315
654;;60.895346121099486
655;;65.13106966337163
656;;53.20827943010723
657;;50.55770759058978
658;;68.80314605007983
659;;68.44197293681502
660;;68.9926469863487
661;;61.186352152502465
662;;64.39247311827957
663;;73.68325439994535
664;;65.39400824145228
665;;67.42554527886652
666;;74.67958405296496
667;;71.51175457127474
668;;52.007221440237636
669;;67.78364877196411
670;;64.01512585371229
671;;62.95500110889333
672;;58.9140137296721
673;;84.06862745098037
674;;94.49419977645722
675;;78.80111524163571
676;;62.13581978094921
677;;67.39973420321378
678;;77.18818323600881
679;;73.28430396201327
680;;70.69438202247191
681;;68.1597744360903
682;;68.99268292682922
683;;66.99618239215286
684;;65.66695011337863
685;;77.16729275351051
686;;72.18440192938307
687;;59.98494983277592
688;;60.78259771110924
689;;70.43791931431954
690;;65.2863247863249
691;;65.86867083584646
692;;72.36170212765961
693;;80.53965751783461
694;;47.59428759844332
695;;70.28279411109719
696;;57.581510436432644
697;;75.08358878704712
698;;68.85714285714279
699;;74.08704453441295
700;;69.15847744633287
701;;67.08379888268156
702;;69.36125546367158
703;;66.22244094488187
704;;72.86085580065355
705;;72.02235772357731
706;;63.921951143020664
707;;58.693776514329585
708;;61.50598290598288
709;;82.54777070063692
710;;96.79469026548671
711;;73.9391647256878
712;;75.6614481409003
713;;67.18693284936474
714;;71.0851265173227
715;;61.1134136842537
716;;62.60993550457232
717;;78.2573075317436
718;;72.3403508771929
719;;59.94078674177285
720;;72.03827412317979
721;;78.93427419313795
722;;74.04111481386539
723;;70.9925289588009
724;;68.18674229514576
725;;66.35720919351193
726;;63.142857142857146
727;;64.21457794141065
728;;68.96914879014996
729;;55.26946767631101
730;;72.62347122630983
731;;73.57452509257304
732;;66.28756674294429
733;;69.37831858407081
734;;79.29253680998404
735;;69.0786348822846
736;;71.1958487780225
737;;64.25703305259977
738;;64.2549580497411
739;;70.24548613734228
740;;70.8310081474845
741;;82.42825620699573
742;;66.52662167229093
743;;80.58671927496692
744;;59.22818091086338
745;;66.31088278853791
746;;54.35892514395392
747;;67.0683918669132
748;;78.1423487544484
749;;105.01851851851855
750;;101.01588710018166
751;;74.02293925450242
752;;69.9681085375066
753;;75.19984472049686
754;;78.78296614210777
755;;55.42007052600646
756;;73.93824701862853
757;;55.77987090463093
758;;79.60257285340175
759;;65.49967129515278
760;;71.70685579196211
761;;77.85690298507458
762;;63.97798165137609
763;;69.36959138689416
764;;70.45658061785869
765;;72.07526742581085
766;;71.80526315789469
767;;66.25659531010994
768;;70.43718777917886
769;;68.49888779310977
770;;78.08508527524491
771;;64.61764705882325
772;;57.65978895648351
773;;79.29083665338644
774;;75.25020550728699
775;;67.03562369009522
776;;67.11015736766807
777;;53.4806677424296
778;;80.63171778864857
779;;89.43814920812288
780;;70.75204918032803
781;;87.05015873015874
782;;72.2883264888206
783;;69.31796977725047
784;;79.45318532818536
785;;89.93481662924403
786;;105.31722675328592
787;;68.29711642873758
788;;73.44073925596621
789;;64.0769993894994
790;;90.28126230457438
791;;78.2493766292561
792;;72.55600407114157
793;;78.90249287659921
794;;66.07719948225177
795;;73.4067673599619
796;;80.28982912146711
797;;79.96812116810742
798;;66.14883011847371
799;;65.6272798190616
800;;74.93689320388353
801;;85.52741867988958
802;;87.1193506455301
803;;71.29637096774188
804;;74.55872014964773
805;;69.9980506822613
806;;72.61934367521262
807;;60.06458821967515
808;;76.97337905152212
809;;67.54517197712852
810;;76.19421487603309
811;;77.74773139745906
812;;68.64763611835164
813;;80.92068965517242
814;;75.8790550865504
815;;66.57788491851966
816;;71.42517006802721
817;;88.03018472970854
818;;74.48229829262789
819;;72.50916394976296
820;;69.57923497267771
821;;78.41638891353429
822;;52.42798493621783
823;;84.13664596273287
824;;126.46220966521412
825;;115.3411033411034
826;;73.28394852500176
827;;73.24361048481427
828;;83.9458239277652
829;;85.56052055800508
830;;78.26748251748255
831;;78.00083891081474
832;;78.68340611353712
833;;87.22217146586179
834;;76.92093023255808
835;;88.39696304129251
836;;72.61095130698611
837;;69.65455212922171
838;;76.62680402401577
839;;78.23280079980846
840;;76.48502444987773
841;;94.04423758865248
842;;94.58781884174736
843;;78.28288288288286
844;;77.75033485696098
845;;73.65384615384613
846;;87.82711275240547
847;;82.41372912801486
848;;73.44148148148149
849;;71.85555555555558
850;;81.20614248117226
851;;89.52100834624397
852;;104.04338394793926
853;;94.6845782853816
854;;88.9123328380386
855;;69.0932940681697
856;;72.49012567324961
857;;75.68433424498447
858;;86.82061068702292
859;;112.49920532808599
860;;122.89265536723164
861;;119.01579001243364
862;;93.97591290305782
863;;91.73895582329322
864;;81.48147451937024
865;;74.3639945103899
866;;85.49145124454773
867;;87.89051521108667
868;;72.0654241140083
869;;75.06466512702077
870;;85.44920993227991
871;;91.28281645166373
872;;74.34331059793804
873;;81.50005616369975
874;;65.17921424156475
875;;77.14957631046586
876;;69.11435278336684
877;;95.84727272727275
878;;85.38177317037966
879;;73.50615272400182
880;;80.86950925627528
881;;87.32581835627556
882;;81.04123711340206
883;;68.1411249850193
884;;93.12096504414151
885;;70.91267605633797
886;;94.47844501373294
887;;81.53341695204206
888;;99.61970473942556
889;;88.95753073197245
890;;92.49425287356327
891;;93.92375366568909
892;;96.86424244250627
893;;76.36569367655511
894;;77.12762762762763
895;;75.64847161572054
896;;74.8030011765072
897;;130.483660130719
898;;121.38972588407621
899;;97.44033613445377
900;;95.5108695652174
901;;97.24905032503385
902;;77.61325966850833
903;;88.81367298475037
904;;98.763671875
905;;80.86634373230518
906;;79.33842324206026
907;;81.01648419702522
908;;74.90607457736792
909;;82.82831177146426
910;;92.58177440411274
911;;97.02109510554628
912;;74.10685325377531
913;;67.12962962962965
914;;85.16278983446956
915;;82.25999946239446
916;;92.40974677968438
917;;82.74788320185034
918;;64.7581967213115
919;;79.28995149067342
920;;80.32150776053213
921;;90.30140107499594
922;;99.59052453468702
923;;87.46989565947975
924;;92.90236560240142
925;;107.39879385964916
926;;78.33992558199303
927;;91.64477376242078
928;;86.26284998343272
929;;82.95043363748005
930;;86.29522710575367
931;;89.17802648769823
932;;91.1086636802509
933;;92.99337970546003
934;;82.2369096390613
935;;108.85514356672914
936;;118.32954560313827
937;;91.57994251848633
938;;85.7439024390244
939;;86.12841081177459
940;;85.52173913043477
941;;94.75892900746211
942;;71.48391118783864
943;;83.13254182102182
944;;98.18745722545154
945;;73.9980971629446
946;;85.21637209592927
947;;86.67417726739204
948;;86.7409831239934
949;;109.26290281604814
950;;86.94153256835033
951;;76.22022848216882
952;;87.78521683442125
953;;78.98960839679452
954;;86.83083107199924
955;;88.50283842461224
956;;69.78506787330318
957;;81.94694294893924
958;;80.80128205128203
959;;87.05882091993347
960;;77.01961482068536
961;;84.80167597765363
962;;115.5635314627296
963;;92.55122232004486
964;;94.88520234626019
965;;92.46859083191853
966;;77.03997105045495
967;;91.14847942754916
968;;80.04761904761898
969;;78.3368330000636
970;;100.99262826170951
971;;110.85817307692308
972;;106.89540015540017
973;;79.22058748859114
974;;91.26564232536033
975;;99.06191506971415
976;;95.56644907008254
977;;121.59692643740786
978;;133.27613412228814
979;;101.6309453254383
980;;93.22303921568631
981;;94.2195540308748
982;;88.7139162155951
983;;91.93175406676632
984;;87.17193349313881
985;;87.89595600710597
986;;92.38235060882448
987;;86.66987620357631
988;;82.33009784127972
989;;87.79301877244177
990;;109.25437167037116
991;;93.80388978930313
992;;81.63086198742519
993;;81.55986068526286
994;;81.18327787319308
995;;92.82194314457452
996;;91.46252285191956
997;;88.2755474452555
998;;86.25826446280995
999;;91.6516666666666
1000;;96.58760683760684
1001;;101.83018867924524
1002;;126.2037667511771
1003;;97.77319587628863
1004;;107.50413223140495
1005;;96.72368421052636
1006;;86.78995173221094
1007;;88.27777188578969
1008;;93.82751540041068
1009;;110.52170635656819
1010;;89.38250399999998
1011;;80.77009345794389
1012;;88.27917778233807
1013;;100.98558086119425
1014;;105.85950413223134
1015;;125.33766233766235
1016;;121.01458670988654
1017;;126.51316310372131
1018;;98.604347826087
1019;;109.38951338686172
1020;;114.87404411873416
1021;;104.53792403786179
1022;;101.44565294284097
1023;;92.48960448640473
1024;;87.77639991957376
1025;;93.68670997458848
1026;;98.08978763919359
1027;;95.28762529376395
1028;;101.20887245841033
1029;;94.55079006772009
1030;;101.70392961054444
1031;;121.6579575464647
1032;;115.19653179190749
1033;;117.44049155437465
1034;;113.42681006568755
1035;;99.7638396619381
1036;;116.73211525438631
1037;;107.84567320939601
1038;;97.19684319731255
1039;;91.83381844822635
1040;;86.92008993171619
1041;;112.18238987815913
1042;;102.2825261410984
1043;;83.57128952804696
1044;;100.60821917808221
1045;;109.03230337078656
1046;;103.19587705498523
1047;;86.30509648379322
1048;;106.86429779012198
1049;;109.84786641929497
1050;;109.97462667756218
1051;;100.32816332826489
1052;;110.66456258890472
1053;;129.48504180963383
1054;;133.67657824164675
1055;;97.01035189657227
1056;;100.87058823529414
1057;;86.34201954397399
1058;;96.99995506670648
1059;;96.31549786778847
1060;;87.35147392290244
1061;;110.03228887112445
1062;;106.70955165692008
1063;;102.95791353339703
1064;;99.03903903272136
1065;;94.84057971014494
1066;102.78901057624371;90.12122752958436
1067;;106.14834007160584
1068;;100.09230769230766
1069;;106.60810173255832
1070;;90.44407288174133
1071;;96.39769797908697
1072;;101.28310012659645
1073;;107.34501845018453
1074;;99.55086231039563
1075;;100.39347760182734
1076;;92.40128992512051
1077;;103.77775360780981
1078;;94.46987951807232
1079;;88.94368600682601
1080;;92.6983805668016
1081;;98.8214213251354
1082;;113.27399585921326
1083;;94.20819112627984
1084;;92.84790136029685
1085;;103.01044266398843
1086;;106.14169935588568
1087;;113.0556811487422
1088;;103.9519886695249
1089;;101.63069544364508
1090;;97.88109161793372
1091;;149.73770491803288
1092;;146.0685138724909
1093;;125.1857379767826
1094;;106.00327318576092
1095;;99.49559221334462
1096;;85.47814749134949
1097;;95.60336995269977
1098;;95.17515485711745
1099;;90.35187960534536
1100;;96.80973665838296
1101;;99.53185593110025
1102;;93.92303129375402
1103;;109.10544000926944
1104;;98.42825674717949
1105;;104.50154344953872
1106;;83.00230090119736
1107;;99.36635068143144
1108;;96.39362791222459
1109;;95.55110157596128
1110;;78.27776147661822
1111;;109.93208353108683
1112;;108.12096018870761
1113;;110.09921671018273
1114;;115.29794520547945
1115;;110.33949701978385
1116;;101.13812154696134
1117;;97.37076973608495
1118;;109.83724560785737
1119;;99.95544554455445
1120;;84.81814905814906
1121;;118.61682796172055
1122;;105.00682409492812
1123;;100.65450121654497
1124;;104.75919508142627
1125;;107.20919546396804
1126;;89.04590983865224
1127;;105.83220338983054
1128;;91.59507224179671
1129;;91.27034076222667
1130;;89.5686274509804
1131;;132.96128398635378
1132;;121.99689466598535
1133;;96.50660792951543
1134;;105.90453074433657
1135;;97.77229601518026
1136;;105.69965977034497
1137;;102.58819494876137
1138;;106.76824034334768
1139;;143.74419321771543
1140;;150.9808179722373
1141;;126.09197324414706
1142;;115.45098685396697
1143;;87.49279180948415
1144;;117.54982018866602
1145;;98.05623901581723
1146;;83.66523447901652
1147;;103.4202063104518
1148;;99.61167182263475
1149;;96.55884963640719
1150;;115.19251007020394
1151;;97.64832271410465
1152;;95.59830592937617
1153;;104.03623188405797
1154;;98.9509306260576
1155;;97.77216847611786
1156;;118.68797889635806
1157;;116.0257016466818
1158;;105.06318681318679
1159;;102.94047619047619
1160;;142.37931034482756
1161;;124.90241139785495
1162;;90.90126050420176
1163;;116.09195402298852
1164;;125.16791866420044
1165;;112.55013927576604
1166;;99.33058562992127
1167;;102.27441619634443
1168;;91.37111525953058
1169;;90.2929052000171
1170;;107.02904471240477
1171;;89.07215555866584
1172;;80.53835606356455
1173;;85.6315888484275
1174;;76.88432251903613
1175;;106.21876032021272
1176;;90.02231320267629
1177;;80.16116993558438
1178;;73.87583204928494
1179;;67.99566662679668
1180;;100.26627291743573
1181;;105.54462165514795
1182;;102.68177642073584
1183;;102.50444580894651
1184;;114.9879871383653
1185;;114.26501766784452
1186;;106.93997561446709
1187;;105.46804015844452
1188;;100.34495539700978
1189;;119.25254217011603
1190;;103.7253270661966
1191;;92.94712700675633
1192;;119.84973753642379
1193;;109.52099670722532
1194;;103.81939627083727
1195;;121.78210693322087
1196;;111.46151566343616
1197;;107.90939044481046
1198;;99.78239210023102
1199;;111.46538461538461
1200;;104.51255230125523
1201;;114.00728597449908
1202;;120.35275866808223
1203;;114.28363083777985
1204;;111.21981411359727
1205;;112.49753138186706
1206;;112.98286604361371
1207;;102.83026584867076
1208;;105.59468876008069
1209;;96.80181316302233
1210;;111.83551655629138
1211;;129.16742081447973
1212;;131.9180576631261
1213;;111.37742842055827
1214;;115.1889263753857
1215;;110.8945117145027
1216;;119.87912087912086
1217;;138.09553278620297
1218;;141.6656804733729
1219;;107.80637254901961
1220;;117.1877810950657
1221;;143.30721966205832
1222;;122.78571428571429
1223;;105.22970914765354
1224;;104.42264467723037
1225;;113.39442157190017
1226;;106.67720094570447
1227;;106.81993569131832
1228;;112.47676767676768
1229;;105.37232362232355
1230;;105.88811188811185
1231;;104.45020746887967
1232;;116.5705608139857
1233;;114.75392670157065
1234;;110.94969599996863
1235;;111.16979761393313
1236;;117.52409377396877
1237;;104.5567106710671
1238;;115.6796204565147
1239;;128.50821078431375
1240;;113.07198513250009
1241;;119.12531328320804
1242;;117.46033810143042
1243;;104.02889864403025
1244;;107.21907652353003
1245;;126.21696098831062
1246;;99.58571428571432
1247;;125.15121951219513
1248;;132.55175882658355
1249;;129.39638841805927
1250;;126.98169498235207
1251;;116.63037220490283
1252;;102.59040407692939
1253;;119.605220228385
1254;;113.58123518969296
1255;;117.62414578587695
1256;;110.79629078828067
1257;;113.8344008004666
1258;;97.98736462093864
1259;;94.91791044776124
1260;;126.8166992824527
1261;;110.9744743445531
1262;;116.94903028538148
1263;;94.00926396541095
1264;;116.52184167286931
1265;;131.2294445229582
1266;;111.89292543021034
1267;;108.11586799829117
1268;;154.0131189771969
1269;;152.0791666666666
1270;;143.79944223273205
1271;;102.28930817610059
1272;;128.15897576855312
1273;;121.85214349684854
1274;;110.48462929475589
1275;;117.78880317905565
1276;;129.38900203666003
1277;;121.81201743781922
1278;;105.20849113408114
1279;;107.94473967281849
1280;;111.7335495969632
1281;;106.97393305828196
1282;;118.5510853011925
1283;;118.57640579727874
1284;;121.11372894393524
1285;;132.26751549775125
1286;;146.29883311552172
1287;;121.96803204196478
1288;;114.15100334448157
1289;;97.29310516225924
1290;;122.65464499958914
1291;;118.2888605512135
1292;;109.33251761804085
1293;;120.9423076923077
1294;;119.91395348837209
1295;;162.5114434824433
1296;;150.17832657419456
1297;;135.24137931034485
1298;;116.49091072372178
1299;;97.9819062328858
1300;;126.86907486874725
1301;;122.2255674772977
1302;;127.21918424652603
1303;;120.31609290049434
1304;;123.55795322393074
1305;;109.30940920877315
1306;;121.66394466793085
1307;;113.9617819142237
1308;;119.8765243902439
1309;;100.37746518723574
1310;;116.72272727272727
1311;;165.2063971742544
1312;;153.29968454258687
1313;;161.4303045582004
1314;;114.31512293793037
1315;;126.10665386967408
1316;;112.52356020942409
1317;;120.74080560420315
1318;;130.0369565217392
1319;;119.46717877102607
1320;;151.94182162121984
1321;;139.3914042951444
1322;;126.81639058141646
1323;;148.6109233805676
1324;;135.78012955271836
1325;;116.38997740809202
1326;;112.91659422389645
1327;;123.37085834602128
1328;;130.64631874064014
1329;;110.3081690899519
1330;;115.7018584222211
1331;;115.18787113418237
1332;;113.58576865393229
1333;;125.25108320370272
1334;;107.44808743169398
1335;;114.19454983896227
1336;;115.31100478468899
1337;;115.90659723314393
1338;;127.26811043370891
1339;;134.90877796901907
1340;;123.2528221347939
1341;;126.88848401617454
1342;;149.075673171502
1343;;128.28253227965624
1344;;135.4744674790316
1345;;112.30188557040441
1346;;128.10853252358982
1347;;111.45769230769231
1348;;113.47212259149286
1349;;122.94808837837769
1350;;112.62685142141963
1351;;126.617392051794
1352;;124.12796752603629
1353;;128.6408956688863
1354;;111.2672064777328
1355;;145.11360560382778
1356;;155.69685382740434
1357;;164.29315126600963
1358;;119.158175912735
1359;;125.05012342194203
1360;;119.28213040098892
1361;;120.7411141737995
1362;;140.26136335769488
1363;;134.001702857136
1364;;132.36375552126384
1365;;132.41783216783213
1366;;137.6755725190838
1367;;124.97354497354503
1368;;129.1452095808382
1369;;139.59344894026952
1370;;115.87685774946921
1371;;131.79692832764502
1372;;126.14011437908499
1373;;156.2567630289567
1374;;142.9616419442866
1375;;132.2195480233688
1376;;124.95763791627763
1377;;119.01050684539894
1378;;106.16162299239222
1379;;115.64614925275214
1380;;125.88091344074401
1381;;122.60283687943264
1382;;139.87175760974756
1383;;125.17459714198844
1384;;120.95642901093204
1385;;128.57382039573815
1386;;132.37759203128627
1387;;122.34947153077249
1388;;147.71799999999993
1389;;148.54044548651842
1390;;152.70754716981128
1391;;145.34885744421015
1392;;148.4072026054575
1393;;122.47387438909509
1394;;145.04621421975983
1395;;152.51619923917804
1396;;132.43590423043796
1397;;145.31754353117415
1398;;119.47015107070973
1399;;111.82956878850102
1400;;123.46925344298057
1401;;135.13538671413895
1402;;127.83287811215303
1403;;118.08717238643536
1404;;122.21704183369312
1405;;147.45580589254783
1406;;147.26120547785112
1407;;132.27879423837325
1408;;128.46325047576346
1409;;117.45945945945945
1410;;131.94849898516156
1411;;154.74956454918018
1412;;131.1767374200868
1413;;122.48021702590236
1414;;124.28754530368143
1415;;133.80730978252757
1416;;126.26685110342324
1417;;126.13657499667859
1418;;130.3230769230769
1419;;137.74755381604703
1420;;151.58042296565884
1421;;171.90586503012324
1422;;144.15831987075944
1423;;164.99168606584638
1424;;139.10751775457658
1425;;148.3177153066416
1426;;167.00458721992092
1427;;162.85848702753097
1428;;148.96226415094347
1429;;167.7236007324069
1430;;169.56813246471225
1431;;162.14062500000014
1432;;146.57367260410803
1433;;136.17171717171723
1434;;149.60496285818277
1435;;169.26352530541004
1436;;178.11864406779662
1437;;153.24959866220723
1438;;189.55498131522066
1439;;153.69588550983914
1440;;145.55826558265593
1441;;134.07063483331493
1442;;146.8605303718396
1443;;179.6262217728345
1444;;180.88235294117644
1445;;182.69558359621468
1446;;191.9714146792756
1447;;108.19625790819761
1448;;121.02623544599646
1449;;140.33640169865802
1450;;134.61935868491736
1451;;126.74486269872526
1452;;153.91458978528715
1453;;121.43347692158103
1454;;140.22084126984126
1455;;130.09319874946053
1456;;137.25875824128138
1457;;138.3224069755199
1458;;137.03829303828508
1459;;139.17767295597497
1460;;152.1015625000001
1461;;146.59793579168763
1462;;135.33040168857025
1463;;155.01692820224284
1464;;147.0104438642298
1465;;128.90324177183862
1466;;138.37847412650257
1467;;136.17651757188483
1468;;120.40302736982646
1469;;123.43997181452585
1470;;131.85364047463162
1471;;135.69511966283395
1472;;142.87869333608703
1473;;117.57562829564192
1474;;118.70070305370757
1475;;133.7131085686464
1476;;146.54247104247108
1477;;120.44368600682598
1478;;139.0628846930486
1479;;119.6483704974271
1480;;128.12143838756327
1481;;146.95728200654074
1482;;137.42678734846783
1483;;156.6341463414634
1484;;153.77683615819208
1485;;158.47172107883878
1486;;136.84874953036956
1487;;154.425
1488;;182.1832471208177
1489;;177.5087719298247
1490;;178.58904109589042
1491;;120.12305973122061
1492;;127.88326000912265
1493;;119.85507757905698
1494;;142.88649706457943
1495;;155.23654463413519
1496;;137.71454219030517
1497;;137.55848762921377
1498;;125.80250416887354
1499;;115.9451219512195
1500;;128.1476330493096
1501;;124.4390243902439
1502;;162.9426837853106
1503;;178.01051051051036
1504;;143.89489953632156
1505;;131.23927765237013
1506;;131.56676837725385
1507;;142.33622559652935
1508;;145.52489673446036
1509;;133.067035994692
1510;;129.36036291913206
1511;;133.00825886502943
1512;;154.23902439024405
1513;;133.40180793887657
1514;;126.71374231102006
1515;;126.53530232923936
1516;;147.16646199666036
1517;;156.2133522727272
1518;;118.43425849144892
1519;;130.1268854220827
1520;;126.66557161380187
1521;;149.39261413732658
1522;;147.51690140845074
1523;;110.79777857952784
1524;;130.69668598379377
1525;;146.21296296296302
1526;;139.5737179487181
1527;;130.60878243512965
1528;;137.5549087875335
1529;;137.8424015454378
1530;;131.78885630498527
1531;;171.136489346163
1532;;152.88195002925926
1533;;133.9070796460178
1534;;119.44956846958672
1535;;151.1704614290137
1536;;133.4618790840758
1537;;129.20831456862442
1538;;135.9937992149685
1539;;177.34039020340398
1540;;173.28051555969915
1541;;175.5159487614008
1542;;157.70445605464124
1543;;139.94942445521755
1544;;139.66666666666663
1545;;146.16497829233
1546;;188.31754385964913
1547;;136.90219400429805
1548;;139.97320516902172
1549;;137.65625000000003
1550;;162.52579284061517
1551;;174.26074944439137
1552;;155.45992089609425
1553;;124.68794837166159
1554;;140.03335370776995
1555;;160.80709872907303
1556;;159.14508580343218
1557;;126.19114688128772
1558;;136.6318191386984
1559;;130.24456390856474
1560;;143.54545454545456
1561;;139.97937416352067
1562;;172.94114449698756
1563;;154.42068518754525
1564;;122.47519083969466
1565;;138.79328165374673
1566;;143.62825997656086
1567;;161.73749999999995
1568;;128.04536489151891
1569;;135.7071934014572
1570;;142.4647025178587
1571;;127.30787589498816
1572;;137.2268943769579
1573;;145.16762080855793
1574;;167.33645914692448
1575;;138.5101754658938
1576;;148.2915851272015
1577;;135.27241302579696
1578;;138.42771748877485
1579;;137.94710743801662
1580;;161.72139303482598
1581;;161.35178224009204
1582;;153.27670881749822
1583;;180.8210520326441
1584;;164.72174515890944
1585;;194.736641221374
1586;;130.26131687242784
1587;;146.6893275380325
1588;;165.6784867428889
1589;;138.66942156979732
1590;;124.06733447200045
1591;;161.3555166374781
1592;;134.08092631578947
1593;;139.14576624925462
1594;;146.81836428513475
1595;;129.28660233532668
1596;;142.59056603773578
1597;;145.83608273533122
1598;;141.0176637738683
1599;;139.5923891887343
1600;;166.71701388888889
1601;;159.74735166769457
1602;;161.80909090909105
1603;;180.7909927268914
1604;;179.70740194289417
1605;;163.00136257259376
1606;;155.06854432096952
1607;;131.7007092198582
1608;;133.1230158730159
1609;;143.3190166089548
1610;;137.8233618233617
1611;;148.64085792402258
1612;;167.7287667696144
1613;;136.09709319204504
1614;;141.31283780678365
1615;;140.6529318541996
1616;;152.05300783928686
1617;;116.08408445487103
1618;;124.69429100895829
1619;;162.64018926809626
1620;;165.71962354149935
1621;;195.38874510254792
1622;;157.88358848694935
1623;;136.35955990740058
1624;;133.87556561085972
1625;;170.49519230769232
1626;;203.5731934285655
1627;;186.3206650831354
1628;;206.59436008676786
1629;;161.80368098159533
1630;;131.65316989295025
1631;;153.50892857142844
1632;;152.09659808241219
1633;;145.86409853228767
1634;;136.25384615384615
1635;;140.63013698630135
1636;;160.5066312997348
1637;;197.52511853357424
1638;;182.44707007874132
1639;;151.2547660311958
1640;;127.52994011976054
1641;;159.0551776425776
1642;;166.77563150074306
1643;;193.4051724137931
1644;;165.38766241545693
1645;;166.96720148478474
1646;;152.42866291219818
1647;;124.4042056074767
1648;;141.59918430335097
1649;;145.85735615501397
1650;;169.1821355950343
1651;;169.66748768472905
1652;;150.09601046189374
1653;;154.6929668304668
1654;;132.04437388377139
1655;;169.88365372143699
1656;;191.57073954983915
1657;;144.49950842407443
1658;;142.87031408307993
1659;;159.09606837261137
1660;;156.5418468468469
1661;;177.9233010024668
1662;;170.36768745031063
1663;;182.8121212121212
1664;;147.28734817813756
1665;;172.7715877437324
1666;;189.72181818181832
1667;;188.6585292102115
1668;;230.96686746987947
1669;;224.19642857142858
1670;;220.9707903780069
1671;;215.3464285714286
1672;;183.292839189007
1673;;151.21701853503814
1674;;161.12823392278386
1675;;169.66691729323307
1676;;193.37471783295712
1677;;158.80605922910618
1678;;168.41026396335616
1679;;150.7402597402597
1680;;170.29200000000006
1681;;168.41159604308785
1682;;183.49426547649534
1683;;162.06237424547277
1684;;138.8324570296844
1685;;155.65552144397344
1686;;165.41059532885353
1687;;154.35029528355318
1688;;164.3405015639779
1689;;150.23412698412693
1690;;146.04016206157394
1691;;169.6017782478638
1692;;171.087219390157
1693;;153.2923601277364
1694;;165.73838057046405
1695;;166.616138225864
1696;;171.2579805968052
1697;;174.88090666134647
1698;;154.01664926541872
1699;;138.5316612951946
1700;;151.0617283950618
1701;;145.1204113224238
1702;;194.8628691983123
1703;;180.4820512820513
1704;;159.87095193800997
1705;;133.18791946308716
1706;;147.85504201680672
1707;;179.14704503515756
1708;;189.34248788368328
1709;;148.11634824327137
1710;;180.54224537037032
1711;;194.6724927174365
1712;;175.59003328076736
1713;;202.61190268004097
1714;;210.2902360344441
1715;;175.7283427495292
1716;;142.91477671056072
1717;;155.4170718700321
1718;;179.49375312343827
1719;;137.78392690917957
1720;;173.83389951170764
1721;;181.01086481817555
1722;;155.57815442561198
1723;;141.22396470918233
1724;;132.27161513363345
1725;;153.28109028960813
1726;;181.1716608856255
1727;;169.58989177489204
1728;;145.77589453860637
1729;;161.46561886051086
1730;;147.37678073140438
1731;;204.7930235709724
1732;;180.09943504687897
1733;;178.73071278529588
1734;;143.8376056525797
1735;;151.5000000000001
1736;;173.45738473167037
1737;;173.9518099968058
1738;;146.96153846153854
1739;;144.40373748789142
1740;;144.81401496237686
1741;;155.24536082474214
1742;;142.44551952112937
1743;;154.58236993205531
1744;;164.93574313737693
1745;;169.76948590381429
1746;;149.68529116341742
1747;;153.1978494623655
1748;;139.3607864914277
1749;;154.56242592592596
1750;;158.66615853658527
1751;;160.02517985611513
1752;;162.3243727598566
1753;;183.11392252249038
1754;;199.75423728813558
1755;;190.74782608695648
1756;;180.64765966862439
1757;;178.25691699604744
1758;;183.01932367149752
1759;;152.54215456674498
1760;;154.59677419354853
1761;;142.91593731109393
1762;;164.90055982788098
1763;;206.5688333542227
1764;;198.0723129944424
1765;;182.89048991354466
1766;;154.7565674255692
1767;;199.25331431695164
1768;;164.2336576514388
1769;;151.90154942978458
1770;;146.56996304625102
1771;;177.5076982642367
1772;;181.4427860696517
1773;;145.26608353033873
1774;;153.60178306092143
1775;;144.89552238805962
1776;;158.1143661137439
1777;;179.36596627018216
1778;;184.14294067621913
1779;;159.16494845360833
1780;;142.39534883720944
1781;;167.26404906096573
1782;;174.5193873337071
1783;;163.08307846596983
1784;;172.49470189759182
1785;;151.31399904934418
1786;;130.86307883171114
1787;;136.60535342231032
1788;;166.71361502347412
1789;;182.22059460327128
1790;;169.09302325581405
1791;;154.78750000000002
1792;;149.51369632278096
1793;;169.30144090730008
1794;;164.64841139583524
1795;;174.54257956719752
1796;;181.7947454844008
1797;;196.5
1798;;191.98589500435398
1799;;198.90010790941633
1800;;207.72211720226838
1801;;189.156203447542
1802;;202.001386962552
1803;;137.56567425569173
1804;;149.03335672514623
1805;;151.9154059994641
1806;;168.14192689399448
1807;;172.61848839078488
1808;;169.76758822516797
1809;;179.84236453201984
1810;;168.7624190064795
1811;;181.38242241767392
1812;;180.14566473988444
1813;;207.376
1814;;184.04729546072306
1815;;174.37142857142857
1816;;202.7016551129353
1817;;176.02193033131252
1818;;162.84336446724765
1819;;177.77549107093284
1820;;192.9259259259259
1821;;178.2719594594596
1822;;171.64648443799382
1823;;182.0551301684533
1824;;155.6536203522504
1825;;159.29671461724985
1826;;159.27718308360477
1827;;178.0504449900262
1828;;175.39819105684282
1829;;158.31879661293252
1830;;156.50334556442905
1831;;164.38700020352118
1832;;179.32609219758766
1833;;176.72430266244004
1834;;176.5449591280654
1835;;170.58162332614324
1836;;165.16238058278455
1837;;160.8768081233574
1838;;147.22137069650196
1839;;149.74159244637403
1840;;170.51551312649167
1841;;168.39570000328212
1842;;170.7247706422019
1843;;180.17326732673268
1844;;212.81129677483625
1845;;213.5297590102239
1846;;221.5829413806564
1847;;130.57276995305162
1848;;151.68975752051225
1849;;166.35687732342
1850;;191.9516771969911
1851;;176.1553228621292
1852;;188.8992974238876
1853;;186.47199123726975
1854;;169.60546874999994
1855;;188.89073193179357
1856;;180.09650182056092
1857;;188.4721600238842
1858;;147.94630174533035
1859;;194.49572649572647
1860;;169.25804062969252
1861;;190.34957529092398
1862;;168.0221300138313
1863;;145.9054811585177
1864;;150.99934854351187
1865;;166.85255717089197
1866;;188.84153562415062
1867;;204.07972907096547
1868;;203.23428232502965
1869;;194.47282683069616
1870;;160.55538177076244
1871;;160.3757309941522
1872;;168.26389184585895
1873;;172.62788557136693
1874;;174.9971835385885
1875;;166.6781526548672
1876;;200.0192307692308
1877;;172.0525903746542
1878;;182.38971583220575
1879;;179.99636363636355
1880;;175.5134609619932
1881;;153.22086089566525
1882;;152.78717819288292
1883;;180.93213043030013
1884;;173.09427002645054
1885;;149.05343186790205
1886;;136.2873563218391
1887;;194.45887888087188
1888;;205.37941176470588
1889;;239.55655694879835
1890;;168.68892508143335
1891;;158.49903962184663
1892;;187.0744382022473
1893;;184.25329461763505
1894;;156.8676293344116
1895;;133.4392986292155
1896;;150.7582417582418
1897;;166.7695653596627
1898;;177.75901904895943
1899;;185.66197183098578
1900;;233.63855709507885
1901;;215.80143540669852
1902;;202.9490158195871
1903;;185.8341980839378
1904;;177.36178940616657
1905;;179.6267409470752
1906;;193.07718858755874
1907;;197.7056856187291
1908;;141.34979423868313
1909;;153.11803040867292
1910;;159.73902942266972
1911;;182.07686454103947
1912;;176.18442630640786
1913;;175.3088607594935
1914;;170.1136027813994
1915;;177.89819420542676
1916;;170.92688377949509
1917;;159.78007176540112
1918;;172.75130061678732
1919;;174.4245715167981
1920;;208.7081712062257
1921;;170.93418259023355
1922;;158.69893555811277
1923;;181.54599406528197
1924;;166.4219219131109
1925;;156.7190635451505
1926;;176.35751333630918
1927;;186.93541273363317
1928;;187.17716535433073
1929;;169.02364431091215
1930;;175.40275938868436
1931;;186.42912449392713
1932;;184.7291724890849
1933;;175.41416893732966
1934;;208.7127153280667
1935;;225.26789425172566
1936;;247.30218068535825
1937;;223.53066585152948
1938;;204.57636887608078
1939;;225.65338645418328
1940;;213.2870138888889
1941;;210.34061761575762
1942;;215.75300455535745
1943;;185.14719120417118
1944;;194.2869318181818
1945;;182.02642276422762
1946;;185.05937621832348
1947;;201.85610161165488
1948;;189.98600910076087
1949;;199.34108502880068
1950;;150.0281520490728
1951;;164.1217252993404
1952;;181.84137931034482
1953;;176.16842105263152
1954;;200.41762683756824
1955;;178.1986605513323
1956;;203.18867924528314
1957;;149.9192102615017
1958;;163.17278386704893
1959;;155.05831469052941
1960;;187.70991455872803
1961;;146.79195573648292
1962;;161.5821512965964
1963;;175.21509084167585
1964;;220.2637509419187
1965;;188.08018667906984
1966;;166.27088735858993
1967;;195.75735294117644
1968;;157.69651741293538
1969;;192.7773788150807
1970;;190.21971411398866
1971;;176.0288624787776
1972;;192.2766334409336
1973;;172.23952984513903
1974;;191.88596641642792
1975;;218.20537925563647
1976;;220.1840958605665
1977;;204.2186046511628
1978;;200.04461630579277
1979;;172.96212423286946
1980;;178.33333333333334
1981;;171.8667473870264
1982;;178.0038269142514
1983;;184.22639369834826
1984;;204.9192022675272
1985;;149.1438170910858
1986;;178.49747474747483
1987;;175.53379582048635
1988;;215.49456521739128
1989;;209.87790697674419
1990;;223.08145345071975
1991;;185.5291953961655
1992;;216.93000000000004
1993;;234.64062888315848
1994;;235.974684076461
1995;;239.34551495016612
1996;;253.54999999999993
1997;;234.92264302848577
1998;;213.94320249420218
1999;;260.56556149732626
2000;;170.38570366147874
